gate,stage,concurrency,n_samples,measured_h100_p50_ms,derated_orin_point_ms,derated_orin_ci_lo_ms,derated_orin_ci_hi_ms,ollama_overhead_applied,arm_penalty_applied
g1,stt_ttft,1,20,86.49686050415039,1094.546999521429,1051.8993791822954,1313.8609853002374,1.0,1.15
g1,llm_ttft,1,20,102.6762924194336,1818.9982617692426,1734.874038798384,2103.158489898404,1.4,1.15
g1,llm_decode,1,20,5.547576303557149,87.56468479144125,87.40756035292794,87.75353404167754,1.4,1.15
g1,tts_first_audio,1,20,354.0802688598633,9619.918304586408,9366.868796753883,10148.699677848816,1.0,1.15
